-- SQL SEED DATA FOR BACKEND --

SET FOREIGN_KEY_CHECKS = 0;

-- Categories
INSERT INTO category (id, name, description) VALUES (UNHEX(REPLACE('92280ca3-c792-4cec-b0af-212fd6499c1a', '-', '')), 'Skincare', 'All products relating to Skincare');
INSERT INTO category (id, name, description) VALUES (UNHEX(REPLACE('e96b0730-a407-4c7a-97c4-88713989f7a4', '-', '')), 'Makeup', 'All products relating to Makeup');
INSERT INTO category (id, name, description) VALUES (UNHEX(REPLACE('26c2894a-c205-46b5-bdfe-e9ad168294bf', '-', '')), 'Haircare', 'All products relating to Haircare');
INSERT INTO category (id, name, description) VALUES (UNHEX(REPLACE('dffb7a9c-95d2-4285-93aa-0dc37fb64ac9', '-', '')), 'Body Care', 'All products relating to Body Care');
INSERT INTO category (id, name, description) VALUES (UNHEX(REPLACE('517edfc8-9d16-42db-b45f-5b5beb5d7b3b', '-', '')), 'Fragrance', 'All products relating to Fragrance');
INSERT INTO category (id, name, description) VALUES (UNHEX(REPLACE('30d9d2f8-949d-40e2-8e12-563afe2608aa', '-', '')), 'Tools', 'All products relating to Tools');
INSERT INTO category (id, name, description) VALUES (UNHEX(REPLACE('64fa0d5b-3b88-4aca-9910-e8ca0b5e212c', '-', '')), 'Eyes', 'All products relating to Eyes');
INSERT INTO category (id, name, description) VALUES (UNHEX(REPLACE('207f7409-7d65-4f50-a0c3-0a3cf09f1353', '-', '')), 'Lips', 'All products relating to Lips');

-- Brands
INSERT INTO brand (id, name, description, logo_url) VALUES (UNHEX(REPLACE('7a545630-c891-4e5b-9e8c-c72764eeed3f', '-', '')), 'L''Oreal', 'High quality products from L''Oreal', 'https://images.unsplash.com/photo-1620916566398');
INSERT INTO brand (id, name, description, logo_url) VALUES (UNHEX(REPLACE('498a9e74-33dc-4a72-9a42-b1bdded19de6', '-', '')), 'MAC', 'High quality products from MAC', 'https://images.unsplash.com/photo-1620916566398');
INSERT INTO brand (id, name, description, logo_url) VALUES (UNHEX(REPLACE('5b32503a-f292-4355-957a-50529843fdca', '-', '')), 'Maybelline', 'High quality products from Maybelline', 'https://images.unsplash.com/photo-1620916566398');
INSERT INTO brand (id, name, description, logo_url) VALUES (UNHEX(REPLACE('122625ca-9424-4d1e-bec9-3c024dbe42a5', '-', '')), 'Innisfree', 'High quality products from Innisfree', 'https://images.unsplash.com/photo-1620916566398');
INSERT INTO brand (id, name, description, logo_url) VALUES (UNHEX(REPLACE('af4c4ce5-8a1a-4fa1-944e-f54212fb37df', '-', '')), 'The Ordinary', 'High quality products from The Ordinary', 'https://images.unsplash.com/photo-1620916566398');
INSERT INTO brand (id, name, description, logo_url) VALUES (UNHEX(REPLACE('f255b0ec-433a-421d-ab46-3edf93c0b930', '-', '')), 'Laneige', 'High quality products from Laneige', 'https://images.unsplash.com/photo-1620916566398');
INSERT INTO brand (id, name, description, logo_url) VALUES (UNHEX(REPLACE('be73b1b4-cf11-46c6-9a0c-a0c4f78b9f23', '-', '')), 'Chanel', 'High quality products from Chanel', 'https://images.unsplash.com/photo-1620916566398');
INSERT INTO brand (id, name, description, logo_url) VALUES (UNHEX(REPLACE('c7971266-e7a0-4815-baea-ab312949854c', '-', '')), 'Dior', 'High quality products from Dior', 'https://images.unsplash.com/photo-1620916566398');
INSERT INTO brand (id, name, description, logo_url) VALUES (UNHEX(REPLACE('9d1e470a-6e02-43a3-ba52-59dc4a2f3953', '-', '')), 'Kiehl''s', 'High quality products from Kiehl''s', 'https://images.unsplash.com/photo-1620916566398');
INSERT INTO brand (id, name, description, logo_url) VALUES (UNHEX(REPLACE('baa80733-dfda-4aca-b5cb-59379634e275', '-', '')), 'Estee Lauder', 'High quality products from Estee Lauder', 'https://images.unsplash.com/photo-1620916566398');
INSERT INTO brand (id, name, description, logo_url) VALUES (UNHEX(REPLACE('84157673-d5f1-4a28-81ae-b98c2d58f507', '-', '')), 'PinkyLab', 'High quality products from PinkyLab', 'https://images.unsplash.com/photo-1620916566398');

-- Products
INSERT INTO product (id, name, description, old_price, stock, sku, created_at, updated_at, brand_id, category_id) VALUES (UNHEX(REPLACE('bc804bc7-5a7b-406e-b7cd-293db05e45c7', '-', '')), 'Purifying Oil', 'San pham Purifying Oil mang lai hieu qua tuyet voi tu Dior', 711000, 335, 'SKU-DIO-0001', '2026-04-26T15:37:09.149675', '2026-04-26T15:37:09.149675', UNHEX(REPLACE('c7971266-e7a0-4815-baea-ab312949854c', '-', '')), UNHEX(REPLACE('207f7409-7d65-4f50-a0c3-0a3cf09f1353', '-', '')));
INSERT INTO product (id, name, description, old_price, stock, sku, created_at, updated_at, brand_id, category_id) VALUES (UNHEX(REPLACE('71206786-6e9d-4ed4-8106-bd9ef400f508', '-', '')), 'Essential Essence', 'San pham Essential Essence mang lai hieu qua tuyet voi tu L''Oreal', 190000, 87, 'SKU-LO-0002', '2026-04-26T15:37:09.149675', '2026-04-26T15:37:09.149675', UNHEX(REPLACE('7a545630-c891-4e5b-9e8c-c72764eeed3f', '-', '')), UNHEX(REPLACE('92280ca3-c792-4cec-b0af-212fd6499c1a', '-', '')));
INSERT INTO product (id, name, description, old_price, stock, sku, created_at, updated_at, brand_id, category_id) VALUES (UNHEX(REPLACE('8937748f-7111-49bb-88a7-cd3108b30fff', '-', '')), 'Purifying Mask', 'San pham Purifying Mask mang lai hieu qua tuyet voi tu Maybelline', 1199000, 426, 'SKU-MAY-0003', '2026-04-26T15:37:09.149675', '2026-04-26T15:37:09.149675', UNHEX(REPLACE('5b32503a-f292-4355-957a-50529843fdca', '-', '')), UNHEX(REPLACE('92280ca3-c792-4cec-b0af-212fd6499c1a', '-', '')));
INSERT INTO product (id, name, description, old_price, stock, sku, created_at, updated_at, brand_id, category_id) VALUES (UNHEX(REPLACE('cf2e5927-753f-4ed5-9047-2e6fd44bd0aa', '-', '')), 'Radiant Cream', 'San pham Radiant Cream mang lai hieu qua tuyet voi tu MAC', 558000, 238, 'SKU-MAC-0004', '2026-04-26T15:37:09.149675', '2026-04-26T15:37:09.149675', UNHEX(REPLACE('498a9e74-33dc-4a72-9a42-b1bdded19de6', '-', '')), UNHEX(REPLACE('64fa0d5b-3b88-4aca-9910-e8ca0b5e212c', '-', '')));
INSERT INTO product (id, name, description, old_price, stock, sku, created_at, updated_at, brand_id, category_id) VALUES (UNHEX(REPLACE('8afcbde1-fb1f-4b04-9bc9-3c8c0165ff20', '-', '')), 'Velvet Oil', 'San pham Velvet Oil mang lai hieu qua tuyet voi tu Innisfree', 506000, 337, 'SKU-INN-0005', '2026-04-26T15:37:09.149675', '2026-04-26T15:37:09.149675', UNHEX(REPLACE('122625ca-9424-4d1e-bec9-3c024dbe42a5', '-', '')), UNHEX(REPLACE('64fa0d5b-3b88-4aca-9910-e8ca0b5e212c', '-', '')));
INSERT INTO product (id, name, description, old_price, stock, sku, created_at, updated_at, brand_id, category_id) VALUES (UNHEX(REPLACE('d479b654-ade8-405e-adde-c8d683869157', '-', '')), 'Radiant Mask', 'San pham Radiant Mask mang lai hieu qua tuyet voi tu MAC', 399000, 131, 'SKU-MAC-0006', '2026-04-26T15:37:09.149675', '2026-04-26T15:37:09.149675', UNHEX(REPLACE('498a9e74-33dc-4a72-9a42-b1bdded19de6', '-', '')), UNHEX(REPLACE('517edfc8-9d16-42db-b45f-5b5beb5d7b3b', '-', '')));
INSERT INTO product (id, name, description, old_price, stock, sku, created_at, updated_at, brand_id, category_id) VALUES (UNHEX(REPLACE('da8d92ba-975d-4844-9092-db4a7e6bc798', '-', '')), 'Silky Essence', 'San pham Silky Essence mang lai hieu qua tuyet voi tu Kiehl''s', 585000, 296, 'SKU-KIE-0007', '2026-04-26T15:37:09.149675', '2026-04-26T15:37:09.149675', UNHEX(REPLACE('9d1e470a-6e02-43a3-ba52-59dc4a2f3953', '-', '')), UNHEX(REPLACE('e96b0730-a407-4c7a-97c4-88713989f7a4', '-', '')));
INSERT INTO product (id, name, description, old_price, stock, sku, created_at, updated_at, brand_id, category_id) VALUES (UNHEX(REPLACE('c21e8896-dd26-4de5-9d16-74f1fcd1a38d', '-', '')), 'Purifying Lipstick', 'San pham Purifying Lipstick mang lai hieu qua tuyet voi tu Kiehl''s', 1224000, 170, 'SKU-KIE-0008', '2026-04-26T15:37:09.149675', '2026-04-26T15:37:09.149675', UNHEX(REPLACE('9d1e470a-6e02-43a3-ba52-59dc4a2f3953', '-', '')), UNHEX(REPLACE('517edfc8-9d16-42db-b45f-5b5beb5d7b3b', '-', '')));
INSERT INTO product (id, name, description, old_price, stock, sku, created_at, updated_at, brand_id, category_id) VALUES (UNHEX(REPLACE('5c14daf5-377b-430d-8673-a9e58e741e04', '-', '')), 'Luminous Toner', 'San pham Luminous Toner mang lai hieu qua tuyet voi tu MAC', 784000, 192, 'SKU-MAC-0009', '2026-04-26T15:37:09.149675', '2026-04-26T15:37:09.149675', UNHEX(REPLACE('498a9e74-33dc-4a72-9a42-b1bdded19de6', '-', '')), UNHEX(REPLACE('26c2894a-c205-46b5-bdfe-e9ad168294bf', '-', '')));
INSERT INTO product (id, name, description, old_price, stock, sku, created_at, updated_at, brand_id, category_id) VALUES (UNHEX(REPLACE('52e268dd-9dc4-42f9-94ca-323549d362de', '-', '')), 'Essential Toner', 'San pham Essential Toner mang lai hieu qua tuyet voi tu Laneige', 1443000, 110, 'SKU-LAN-0010', '2026-04-26T15:37:09.149675', '2026-04-26T15:37:09.149675', UNHEX(REPLACE('f255b0ec-433a-421d-ab46-3edf93c0b930', '-', '')), UNHEX(REPLACE('64fa0d5b-3b88-4aca-9910-e8ca0b5e212c', '-', '')));
INSERT INTO product (id, name, description, old_price, stock, sku, created_at, updated_at, brand_id, category_id) VALUES (UNHEX(REPLACE('0e0632b8-69e9-409d-b8cc-e658c67527c0', '-', '')), 'Essential Lipstick', 'San pham Essential Lipstick mang lai hieu qua tuyet voi tu Estee Lauder', 1098000, 41, 'SKU-EST-0011', '2026-04-26T15:37:09.149675', '2026-04-26T15:37:09.149675', UNHEX(REPLACE('baa80733-dfda-4aca-b5cb-59379634e275', '-', '')), UNHEX(REPLACE('dffb7a9c-95d2-4285-93aa-0dc37fb64ac9', '-', '')));
INSERT INTO product (id, name, description, old_price, stock, sku, created_at, updated_at, brand_id, category_id) VALUES (UNHEX(REPLACE('7af021c8-b853-48a1-b526-e0b82159c6c0', '-', '')), 'Matte Essence', 'San pham Matte Essence mang lai hieu qua tuyet voi tu Innisfree', 980000, 16, 'SKU-INN-0012', '2026-04-26T15:37:09.149675', '2026-04-26T15:37:09.149675', UNHEX(REPLACE('122625ca-9424-4d1e-bec9-3c024dbe42a5', '-', '')), UNHEX(REPLACE('517edfc8-9d16-42db-b45f-5b5beb5d7b3b', '-', '')));
INSERT INTO product (id, name, description, old_price, stock, sku, created_at, updated_at, brand_id, category_id) VALUES (UNHEX(REPLACE('bb0c023b-5176-45b6-8277-2a59158b3c34', '-', '')), 'Luminous Oil', 'San pham Luminous Oil mang lai hieu qua tuyet voi tu Estee Lauder', 629000, 128, 'SKU-EST-0013', '2026-04-26T15:37:09.149675', '2026-04-26T15:37:09.149675', UNHEX(REPLACE('baa80733-dfda-4aca-b5cb-59379634e275', '-', '')), UNHEX(REPLACE('dffb7a9c-95d2-4285-93aa-0dc37fb64ac9', '-', '')));
INSERT INTO product (id, name, description, old_price, stock, sku, created_at, updated_at, brand_id, category_id) VALUES (UNHEX(REPLACE('ee350229-c803-4b8f-9bf1-24dbc02b25c0', '-', '')), 'Radiant Cream', 'San pham Radiant Cream mang lai hieu qua tuyet voi tu PinkyLab', 778000, 33, 'SKU-PIN-0014', '2026-04-26T15:37:09.149675', '2026-04-26T15:37:09.149675', UNHEX(REPLACE('84157673-d5f1-4a28-81ae-b98c2d58f507', '-', '')), UNHEX(REPLACE('64fa0d5b-3b88-4aca-9910-e8ca0b5e212c', '-', '')));
INSERT INTO product (id, name, description, old_price, stock, sku, created_at, updated_at, brand_id, category_id) VALUES (UNHEX(REPLACE('e623573d-9f0e-453c-82ac-815b6ac003c2', '-', '')), 'Luminous Oil', 'San pham Luminous Oil mang lai hieu qua tuyet voi tu The Ordinary', 1400000, 57, 'SKU-THE-0015', '2026-04-26T15:37:09.149675', '2026-04-26T15:37:09.149675', UNHEX(REPLACE('af4c4ce5-8a1a-4fa1-944e-f54212fb37df', '-', '')), UNHEX(REPLACE('64fa0d5b-3b88-4aca-9910-e8ca0b5e212c', '-', '')));
INSERT INTO product (id, name, description, old_price, stock, sku, created_at, updated_at, brand_id, category_id) VALUES (UNHEX(REPLACE('089d1b1e-4f43-4206-be6a-401cfc035749', '-', '')), 'Matte Lotion', 'San pham Matte Lotion mang lai hieu qua tuyet voi tu Innisfree', 1432000, 444, 'SKU-INN-0016', '2026-04-26T15:37:09.149675', '2026-04-26T15:37:09.149675', UNHEX(REPLACE('122625ca-9424-4d1e-bec9-3c024dbe42a5', '-', '')), UNHEX(REPLACE('e96b0730-a407-4c7a-97c4-88713989f7a4', '-', '')));
INSERT INTO product (id, name, description, old_price, stock, sku, created_at, updated_at, brand_id, category_id) VALUES (UNHEX(REPLACE('08860371-d8a3-4189-8466-b8c63d060ba8', '-', '')), 'Essential Essence', 'San pham Essential Essence mang lai hieu qua tuyet voi tu Chanel', 758000, 24, 'SKU-CHA-0017', '2026-04-26T15:37:09.149675', '2026-04-26T15:37:09.149675', UNHEX(REPLACE('be73b1b4-cf11-46c6-9a0c-a0c4f78b9f23', '-', '')), UNHEX(REPLACE('64fa0d5b-3b88-4aca-9910-e8ca0b5e212c', '-', '')));
INSERT INTO product (id, name, description, old_price, stock, sku, created_at, updated_at, brand_id, category_id) VALUES (UNHEX(REPLACE('18d4c065-46e7-40ee-bb51-b014ba4c5a70', '-', '')), 'Essential Cream', 'San pham Essential Cream mang lai hieu qua tuyet voi tu PinkyLab', 185000, 170, 'SKU-PIN-0018', '2026-04-26T15:37:09.149675', '2026-04-26T15:37:09.149675', UNHEX(REPLACE('84157673-d5f1-4a28-81ae-b98c2d58f507', '-', '')), UNHEX(REPLACE('26c2894a-c205-46b5-bdfe-e9ad168294bf', '-', '')));
INSERT INTO product (id, name, description, old_price, stock, sku, created_at, updated_at, brand_id, category_id) VALUES (UNHEX(REPLACE('bcdf1c17-7b7d-438e-b38a-b246353de75d', '-', '')), 'Matte Lotion', 'San pham Matte Lotion mang lai hieu qua tuyet voi tu PinkyLab', 864000, 226, 'SKU-PIN-0019', '2026-04-26T15:37:09.149675', '2026-04-26T15:37:09.149675', UNHEX(REPLACE('84157673-d5f1-4a28-81ae-b98c2d58f507', '-', '')), UNHEX(REPLACE('517edfc8-9d16-42db-b45f-5b5beb5d7b3b', '-', '')));
INSERT INTO product (id, name, description, old_price, stock, sku, created_at, updated_at, brand_id, category_id) VALUES (UNHEX(REPLACE('70792614-bba9-4ac4-9b0b-2b3c9a2e70b1', '-', '')), 'Purifying Cleanser', 'San pham Purifying Cleanser mang lai hieu qua tuyet voi tu The Ordinary', 429000, 195, 'SKU-THE-0020', '2026-04-26T15:37:09.149675', '2026-04-26T15:37:09.149675', UNHEX(REPLACE('af4c4ce5-8a1a-4fa1-944e-f54212fb37df', '-', '')), UNHEX(REPLACE('207f7409-7d65-4f50-a0c3-0a3cf09f1353', '-', '')));
INSERT INTO product (id, name, description, old_price, stock, sku, created_at, updated_at, brand_id, category_id) VALUES (UNHEX(REPLACE('6e4624d0-232d-4c8f-8ef4-fdc1f78a753d', '-', '')), 'Essential Cream', 'San pham Essential Cream mang lai hieu qua tuyet voi tu The Ordinary', 1132000, 388, 'SKU-THE-0021', '2026-04-26T15:37:09.149675', '2026-04-26T15:37:09.149675', UNHEX(REPLACE('af4c4ce5-8a1a-4fa1-944e-f54212fb37df', '-', '')), UNHEX(REPLACE('dffb7a9c-95d2-4285-93aa-0dc37fb64ac9', '-', '')));
INSERT INTO product (id, name, description, old_price, stock, sku, created_at, updated_at, brand_id, category_id) VALUES (UNHEX(REPLACE('dfb76548-5c4b-4801-bd04-f8ea4018ec77', '-', '')), 'Matte Lotion', 'San pham Matte Lotion mang lai hieu qua tuyet voi tu PinkyLab', 354000, 254, 'SKU-PIN-0022', '2026-04-26T15:37:09.149675', '2026-04-26T15:37:09.149675', UNHEX(REPLACE('84157673-d5f1-4a28-81ae-b98c2d58f507', '-', '')), UNHEX(REPLACE('e96b0730-a407-4c7a-97c4-88713989f7a4', '-', '')));
INSERT INTO product (id, name, description, old_price, stock, sku, created_at, updated_at, brand_id, category_id) VALUES (UNHEX(REPLACE('ca291f49-53e0-49ea-8825-bd844a1972be', '-', '')), 'Silky Serum', 'San pham Silky Serum mang lai hieu qua tuyet voi tu Laneige', 567000, 413, 'SKU-LAN-0023', '2026-04-26T15:37:09.149675', '2026-04-26T15:37:09.149675', UNHEX(REPLACE('f255b0ec-433a-421d-ab46-3edf93c0b930', '-', '')), UNHEX(REPLACE('dffb7a9c-95d2-4285-93aa-0dc37fb64ac9', '-', '')));
INSERT INTO product (id, name, description, old_price, stock, sku, created_at, updated_at, brand_id, category_id) VALUES (UNHEX(REPLACE('4c721d4b-62d5-4b02-bef5-fa34047cd5e8', '-', '')), 'Glow Lotion', 'San pham Glow Lotion mang lai hieu qua tuyet voi tu PinkyLab', 1080000, 120, 'SKU-PIN-0024', '2026-04-26T15:37:09.149675', '2026-04-26T15:37:09.149675', UNHEX(REPLACE('84157673-d5f1-4a28-81ae-b98c2d58f507', '-', '')), UNHEX(REPLACE('e96b0730-a407-4c7a-97c4-88713989f7a4', '-', '')));
INSERT INTO product (id, name, description, old_price, stock, sku, created_at, updated_at, brand_id, category_id) VALUES (UNHEX(REPLACE('a4acd171-e651-4572-9031-1099a6283bf3', '-', '')), 'Velvet Toner', 'San pham Velvet Toner mang lai hieu qua tuyet voi tu Laneige', 1002000, 465, 'SKU-LAN-0025', '2026-04-26T15:37:09.149675', '2026-04-26T15:37:09.149675', UNHEX(REPLACE('f255b0ec-433a-421d-ab46-3edf93c0b930', '-', '')), UNHEX(REPLACE('92280ca3-c792-4cec-b0af-212fd6499c1a', '-', '')));
INSERT INTO product (id, name, description, old_price, stock, sku, created_at, updated_at, brand_id, category_id) VALUES (UNHEX(REPLACE('7afe99d9-dafe-46a0-8343-5cd497ad646a', '-', '')), 'Velvet Cream', 'San pham Velvet Cream mang lai hieu qua tuyet voi tu The Ordinary', 681000, 412, 'SKU-THE-0026', '2026-04-26T15:37:09.149675', '2026-04-26T15:37:09.149675', UNHEX(REPLACE('af4c4ce5-8a1a-4fa1-944e-f54212fb37df', '-', '')), UNHEX(REPLACE('e96b0730-a407-4c7a-97c4-88713989f7a4', '-', '')));
INSERT INTO product (id, name, description, old_price, stock, sku, created_at, updated_at, brand_id, category_id) VALUES (UNHEX(REPLACE('3d5487a3-657b-4152-989d-021b94db43e3', '-', '')), 'Purifying Toner', 'San pham Purifying Toner mang lai hieu qua tuyet voi tu Innisfree', 1157000, 82, 'SKU-INN-0027', '2026-04-26T15:37:09.149675', '2026-04-26T15:37:09.149675', UNHEX(REPLACE('122625ca-9424-4d1e-bec9-3c024dbe42a5', '-', '')), UNHEX(REPLACE('92280ca3-c792-4cec-b0af-212fd6499c1a', '-', '')));
INSERT INTO product (id, name, description, old_price, stock, sku, created_at, updated_at, brand_id, category_id) VALUES (UNHEX(REPLACE('97a15c00-27b4-4c73-b2f5-cfe057822d6b', '-', '')), 'Purifying Cream', 'San pham Purifying Cream mang lai hieu qua tuyet voi tu Kiehl''s', 656000, 439, 'SKU-KIE-0028', '2026-04-26T15:37:09.149675', '2026-04-26T15:37:09.149675', UNHEX(REPLACE('9d1e470a-6e02-43a3-ba52-59dc4a2f3953', '-', '')), UNHEX(REPLACE('517edfc8-9d16-42db-b45f-5b5beb5d7b3b', '-', '')));
INSERT INTO product (id, name, description, old_price, stock, sku, created_at, updated_at, brand_id, category_id) VALUES (UNHEX(REPLACE('e9468ce6-9672-4fb9-b013-fdc63d45423e', '-', '')), 'Essential Mask', 'San pham Essential Mask mang lai hieu qua tuyet voi tu Kiehl''s', 744000, 373, 'SKU-KIE-0029', '2026-04-26T15:37:09.149675', '2026-04-26T15:37:09.149675', UNHEX(REPLACE('9d1e470a-6e02-43a3-ba52-59dc4a2f3953', '-', '')), UNHEX(REPLACE('207f7409-7d65-4f50-a0c3-0a3cf09f1353', '-', '')));
INSERT INTO product (id, name, description, old_price, stock, sku, created_at, updated_at, brand_id, category_id) VALUES (UNHEX(REPLACE('cf7284d7-5f7e-4794-9f40-bf860b5a75ea', '-', '')), 'Purifying Foundation', 'San pham Purifying Foundation mang lai hieu qua tuyet voi tu PinkyLab', 1032000, 489, 'SKU-PIN-0030', '2026-04-26T15:37:09.149675', '2026-04-26T15:37:09.149675', UNHEX(REPLACE('84157673-d5f1-4a28-81ae-b98c2d58f507', '-', '')), UNHEX(REPLACE('517edfc8-9d16-42db-b45f-5b5beb5d7b3b', '-', '')));
INSERT INTO product (id, name, description, old_price, stock, sku, created_at, updated_at, brand_id, category_id) VALUES (UNHEX(REPLACE('e657440f-de25-438b-823e-6bed5d539def', '-', '')), 'Silky Lipstick', 'San pham Silky Lipstick mang lai hieu qua tuyet voi tu Laneige', 426000, 288, 'SKU-LAN-0031', '2026-04-26T15:37:09.149675', '2026-04-26T15:37:09.149675', UNHEX(REPLACE('f255b0ec-433a-421d-ab46-3edf93c0b930', '-', '')), UNHEX(REPLACE('30d9d2f8-949d-40e2-8e12-563afe2608aa', '-', '')));
INSERT INTO product (id, name, description, old_price, stock, sku, created_at, updated_at, brand_id, category_id) VALUES (UNHEX(REPLACE('22200786-4f00-467c-92cd-044bf51882c7', '-', '')), 'Matte Essence', 'San pham Matte Essence mang lai hieu qua tuyet voi tu Laneige', 618000, 452, 'SKU-LAN-0032', '2026-04-26T15:37:09.149675', '2026-04-26T15:37:09.149675', UNHEX(REPLACE('f255b0ec-433a-421d-ab46-3edf93c0b930', '-', '')), UNHEX(REPLACE('517edfc8-9d16-42db-b45f-5b5beb5d7b3b', '-', '')));
INSERT INTO product (id, name, description, old_price, stock, sku, created_at, updated_at, brand_id, category_id) VALUES (UNHEX(REPLACE('ab6f47c6-5f31-46fa-a238-6f44470fc55f', '-', '')), 'Hydrating Oil', 'San pham Hydrating Oil mang lai hieu qua tuyet voi tu Chanel', 273000, 103, 'SKU-CHA-0033', '2026-04-26T15:37:09.149675', '2026-04-26T15:37:09.149675', UNHEX(REPLACE('be73b1b4-cf11-46c6-9a0c-a0c4f78b9f23', '-', '')), UNHEX(REPLACE('e96b0730-a407-4c7a-97c4-88713989f7a4', '-', '')));
INSERT INTO product (id, name, description, old_price, stock, sku, created_at, updated_at, brand_id, category_id) VALUES (UNHEX(REPLACE('5c9daade-9fa9-44f2-8e4b-7029dfc4f1f5', '-', '')), 'Velvet Toner', 'San pham Velvet Toner mang lai hieu qua tuyet voi tu PinkyLab', 413000, 100, 'SKU-PIN-0034', '2026-04-26T15:37:09.149675', '2026-04-26T15:37:09.149675', UNHEX(REPLACE('84157673-d5f1-4a28-81ae-b98c2d58f507', '-', '')), UNHEX(REPLACE('26c2894a-c205-46b5-bdfe-e9ad168294bf', '-', '')));
INSERT INTO product (id, name, description, old_price, stock, sku, created_at, updated_at, brand_id, category_id) VALUES (UNHEX(REPLACE('1b864fb3-9b54-46dc-8a08-b726b4fe96b4', '-', '')), 'Nourishing Mask', 'San pham Nourishing Mask mang lai hieu qua tuyet voi tu L''Oreal', 1117000, 205, 'SKU-LO-0035', '2026-04-26T15:37:09.149675', '2026-04-26T15:37:09.149675', UNHEX(REPLACE('7a545630-c891-4e5b-9e8c-c72764eeed3f', '-', '')), UNHEX(REPLACE('e96b0730-a407-4c7a-97c4-88713989f7a4', '-', '')));
INSERT INTO product (id, name, description, old_price, stock, sku, created_at, updated_at, brand_id, category_id) VALUES (UNHEX(REPLACE('f3e6ee08-1280-4474-b18a-8651762962e5', '-', '')), 'Velvet Essence', 'San pham Velvet Essence mang lai hieu qua tuyet voi tu Laneige', 1076000, 485, 'SKU-LAN-0036', '2026-04-26T15:37:09.149675', '2026-04-26T15:37:09.149675', UNHEX(REPLACE('f255b0ec-433a-421d-ab46-3edf93c0b930', '-', '')), UNHEX(REPLACE('64fa0d5b-3b88-4aca-9910-e8ca0b5e212c', '-', '')));
INSERT INTO product (id, name, description, old_price, stock, sku, created_at, updated_at, brand_id, category_id) VALUES (UNHEX(REPLACE('d17cc02d-dabc-4fbf-8eca-9eeaa4a9d27f', '-', '')), 'Velvet Cream', 'San pham Velvet Cream mang lai hieu qua tuyet voi tu Kiehl''s', 1014000, 308, 'SKU-KIE-0037', '2026-04-26T15:37:09.149675', '2026-04-26T15:37:09.149675', UNHEX(REPLACE('9d1e470a-6e02-43a3-ba52-59dc4a2f3953', '-', '')), UNHEX(REPLACE('e96b0730-a407-4c7a-97c4-88713989f7a4', '-', '')));
INSERT INTO product (id, name, description, old_price, stock, sku, created_at, updated_at, brand_id, category_id) VALUES (UNHEX(REPLACE('d43377ae-547a-45b9-81b5-1a2d5f0519dd', '-', '')), 'Glow Cleanser', 'San pham Glow Cleanser mang lai hieu qua tuyet voi tu Estee Lauder', 913000, 267, 'SKU-EST-0038', '2026-04-26T15:37:09.149675', '2026-04-26T15:37:09.149675', UNHEX(REPLACE('baa80733-dfda-4aca-b5cb-59379634e275', '-', '')), UNHEX(REPLACE('e96b0730-a407-4c7a-97c4-88713989f7a4', '-', '')));
INSERT INTO product (id, name, description, old_price, stock, sku, created_at, updated_at, brand_id, category_id) VALUES (UNHEX(REPLACE('1e331c05-5f78-42db-8417-1d7a1d81f5f9', '-', '')), 'Matte Serum', 'San pham Matte Serum mang lai hieu qua tuyet voi tu Innisfree', 306000, 441, 'SKU-INN-0039', '2026-04-26T15:37:09.149675', '2026-04-26T15:37:09.149675', UNHEX(REPLACE('122625ca-9424-4d1e-bec9-3c024dbe42a5', '-', '')), UNHEX(REPLACE('26c2894a-c205-46b5-bdfe-e9ad168294bf', '-', '')));
INSERT INTO product (id, name, description, old_price, stock, sku, created_at, updated_at, brand_id, category_id) VALUES (UNHEX(REPLACE('84e157f0-a104-49c4-b021-4a1a48ccb734', '-', '')), 'Luminous Lipstick', 'San pham Luminous Lipstick mang lai hieu qua tuyet voi tu Laneige', 611000, 71, 'SKU-LAN-0040', '2026-04-26T15:37:09.149675', '2026-04-26T15:37:09.149675', UNHEX(REPLACE('f255b0ec-433a-421d-ab46-3edf93c0b930', '-', '')), UNHEX(REPLACE('64fa0d5b-3b88-4aca-9910-e8ca0b5e212c', '-', '')));
INSERT INTO product (id, name, description, old_price, stock, sku, created_at, updated_at, brand_id, category_id) VALUES (UNHEX(REPLACE('6fdb24f3-1983-4309-b11f-2851b140cf73', '-', '')), 'Purifying Lipstick', 'San pham Purifying Lipstick mang lai hieu qua tuyet voi tu Chanel', 1325000, 68, 'SKU-CHA-0041', '2026-04-26T15:37:09.149675', '2026-04-26T15:37:09.149675', UNHEX(REPLACE('be73b1b4-cf11-46c6-9a0c-a0c4f78b9f23', '-', '')), UNHEX(REPLACE('517edfc8-9d16-42db-b45f-5b5beb5d7b3b', '-', '')));
INSERT INTO product (id, name, description, old_price, stock, sku, created_at, updated_at, brand_id, category_id) VALUES (UNHEX(REPLACE('008dfd6f-4243-46e7-81c5-8c336900d8be', '-', '')), 'Silky Lipstick', 'San pham Silky Lipstick mang lai hieu qua tuyet voi tu Laneige', 360000, 75, 'SKU-LAN-0042', '2026-04-26T15:37:09.149675', '2026-04-26T15:37:09.149675', UNHEX(REPLACE('f255b0ec-433a-421d-ab46-3edf93c0b930', '-', '')), UNHEX(REPLACE('26c2894a-c205-46b5-bdfe-e9ad168294bf', '-', '')));
INSERT INTO product (id, name, description, old_price, stock, sku, created_at, updated_at, brand_id, category_id) VALUES (UNHEX(REPLACE('8d851641-ea9e-4958-ae84-21925cba12d8', '-', '')), 'Radiant Essence', 'San pham Radiant Essence mang lai hieu qua tuyet voi tu Laneige', 311000, 65, 'SKU-LAN-0043', '2026-04-26T15:37:09.149675', '2026-04-26T15:37:09.149675', UNHEX(REPLACE('f255b0ec-433a-421d-ab46-3edf93c0b930', '-', '')), UNHEX(REPLACE('517edfc8-9d16-42db-b45f-5b5beb5d7b3b', '-', '')));
INSERT INTO product (id, name, description, old_price, stock, sku, created_at, updated_at, brand_id, category_id) VALUES (UNHEX(REPLACE('7051b78e-2bc5-40f5-90e9-82c1d07d4eb9', '-', '')), 'Matte Cleanser', 'San pham Matte Cleanser mang lai hieu qua tuyet voi tu Innisfree', 1068000, 227, 'SKU-INN-0044', '2026-04-26T15:37:09.149675', '2026-04-26T15:37:09.149675', UNHEX(REPLACE('122625ca-9424-4d1e-bec9-3c024dbe42a5', '-', '')), UNHEX(REPLACE('26c2894a-c205-46b5-bdfe-e9ad168294bf', '-', '')));
INSERT INTO product (id, name, description, old_price, stock, sku, created_at, updated_at, brand_id, category_id) VALUES (UNHEX(REPLACE('e67a3f39-2fb1-4add-89d6-2b4a6f673512', '-', '')), 'Matte Essence', 'San pham Matte Essence mang lai hieu qua tuyet voi tu PinkyLab', 987000, 175, 'SKU-PIN-0045', '2026-04-26T15:37:09.149675', '2026-04-26T15:37:09.149675', UNHEX(REPLACE('84157673-d5f1-4a28-81ae-b98c2d58f507', '-', '')), UNHEX(REPLACE('dffb7a9c-95d2-4285-93aa-0dc37fb64ac9', '-', '')));
INSERT INTO product (id, name, description, old_price, stock, sku, created_at, updated_at, brand_id, category_id) VALUES (UNHEX(REPLACE('0d3227aa-8cbe-46ec-83c0-5f03c33017c7', '-', '')), 'Velvet Toner', 'San pham Velvet Toner mang lai hieu qua tuyet voi tu Dior', 1214000, 57, 'SKU-DIO-0046', '2026-04-26T15:37:09.149675', '2026-04-26T15:37:09.149675', UNHEX(REPLACE('c7971266-e7a0-4815-baea-ab312949854c', '-', '')), UNHEX(REPLACE('92280ca3-c792-4cec-b0af-212fd6499c1a', '-', '')));
INSERT INTO product (id, name, description, old_price, stock, sku, created_at, updated_at, brand_id, category_id) VALUES (UNHEX(REPLACE('37077c83-5544-4d92-82ac-264eedf5a15a', '-', '')), 'Nourishing Foundation', 'San pham Nourishing Foundation mang lai hieu qua tuyet voi tu The Ordinary', 974000, 114, 'SKU-THE-0047', '2026-04-26T15:37:09.149675', '2026-04-26T15:37:09.149675', UNHEX(REPLACE('af4c4ce5-8a1a-4fa1-944e-f54212fb37df', '-', '')), UNHEX(REPLACE('30d9d2f8-949d-40e2-8e12-563afe2608aa', '-', '')));
INSERT INTO product (id, name, description, old_price, stock, sku, created_at, updated_at, brand_id, category_id) VALUES (UNHEX(REPLACE('38d69deb-115f-48db-b940-bc36a494ecd5', '-', '')), 'Silky Mask', 'San pham Silky Mask mang lai hieu qua tuyet voi tu Innisfree', 556000, 231, 'SKU-INN-0048', '2026-04-26T15:37:09.149675', '2026-04-26T15:37:09.149675', UNHEX(REPLACE('122625ca-9424-4d1e-bec9-3c024dbe42a5', '-', '')), UNHEX(REPLACE('207f7409-7d65-4f50-a0c3-0a3cf09f1353', '-', '')));
INSERT INTO product (id, name, description, old_price, stock, sku, created_at, updated_at, brand_id, category_id) VALUES (UNHEX(REPLACE('6e211642-26c6-4f73-9298-724439b75000', '-', '')), 'Radiant Lotion', 'San pham Radiant Lotion mang lai hieu qua tuyet voi tu L''Oreal', 1379000, 414, 'SKU-LO-0049', '2026-04-26T15:37:09.149675', '2026-04-26T15:37:09.149675', UNHEX(REPLACE('7a545630-c891-4e5b-9e8c-c72764eeed3f', '-', '')), UNHEX(REPLACE('30d9d2f8-949d-40e2-8e12-563afe2608aa', '-', '')));
INSERT INTO product (id, name, description, old_price, stock, sku, created_at, updated_at, brand_id, category_id) VALUES (UNHEX(REPLACE('5e9fe05e-8505-4fb1-9a27-d9c9aac04e7b', '-', '')), 'Matte Cream', 'San pham Matte Cream mang lai hieu qua tuyet voi tu MAC', 1480000, 270, 'SKU-MAC-0050', '2026-04-26T15:37:09.149675', '2026-04-26T15:37:09.149675', UNHEX(REPLACE('498a9e74-33dc-4a72-9a42-b1bdded19de6', '-', '')), UNHEX(REPLACE('92280ca3-c792-4cec-b0af-212fd6499c1a', '-', '')));
INSERT INTO product (id, name, description, old_price, stock, sku, created_at, updated_at, brand_id, category_id) VALUES (UNHEX(REPLACE('b4ec5ded-7bdf-49eb-b101-e3e5a3266219', '-', '')), 'Purifying Lipstick', 'San pham Purifying Lipstick mang lai hieu qua tuyet voi tu L''Oreal', 1058000, 361, 'SKU-LO-0051', '2026-04-26T15:37:09.149675', '2026-04-26T15:37:09.149675', UNHEX(REPLACE('7a545630-c891-4e5b-9e8c-c72764eeed3f', '-', '')), UNHEX(REPLACE('92280ca3-c792-4cec-b0af-212fd6499c1a', '-', '')));
INSERT INTO product (id, name, description, old_price, stock, sku, created_at, updated_at, brand_id, category_id) VALUES (UNHEX(REPLACE('807aba01-8bdb-48e6-913f-f9110a961f0e', '-', '')), 'Silky Cream', 'San pham Silky Cream mang lai hieu qua tuyet voi tu Kiehl''s', 560000, 319, 'SKU-KIE-0052', '2026-04-26T15:37:09.149675', '2026-04-26T15:37:09.149675', UNHEX(REPLACE('9d1e470a-6e02-43a3-ba52-59dc4a2f3953', '-', '')), UNHEX(REPLACE('92280ca3-c792-4cec-b0af-212fd6499c1a', '-', '')));
INSERT INTO product (id, name, description, old_price, stock, sku, created_at, updated_at, brand_id, category_id) VALUES (UNHEX(REPLACE('bb1c6850-b018-4bec-a5e4-b0212282a06a', '-', '')), 'Purifying Serum', 'San pham Purifying Serum mang lai hieu qua tuyet voi tu Kiehl''s', 833000, 398, 'SKU-KIE-0053', '2026-04-26T15:37:09.149675', '2026-04-26T15:37:09.149675', UNHEX(REPLACE('9d1e470a-6e02-43a3-ba52-59dc4a2f3953', '-', '')), UNHEX(REPLACE('517edfc8-9d16-42db-b45f-5b5beb5d7b3b', '-', '')));
INSERT INTO product (id, name, description, old_price, stock, sku, created_at, updated_at, brand_id, category_id) VALUES (UNHEX(REPLACE('b1d448a1-da70-4147-92d5-cade9bb22297', '-', '')), 'Nourishing Cleanser', 'San pham Nourishing Cleanser mang lai hieu qua tuyet voi tu PinkyLab', 232000, 217, 'SKU-PIN-0054', '2026-04-26T15:37:09.149675', '2026-04-26T15:37:09.149675', UNHEX(REPLACE('84157673-d5f1-4a28-81ae-b98c2d58f507', '-', '')), UNHEX(REPLACE('64fa0d5b-3b88-4aca-9910-e8ca0b5e212c', '-', '')));
INSERT INTO product (id, name, description, old_price, stock, sku, created_at, updated_at, brand_id, category_id) VALUES (UNHEX(REPLACE('0a76ace0-f04f-41ca-8b1d-f1b1bf931875', '-', '')), 'Silky Lipstick', 'San pham Silky Lipstick mang lai hieu qua tuyet voi tu The Ordinary', 839000, 394, 'SKU-THE-0055', '2026-04-26T15:37:09.149675', '2026-04-26T15:37:09.149675', UNHEX(REPLACE('af4c4ce5-8a1a-4fa1-944e-f54212fb37df', '-', '')), UNHEX(REPLACE('517edfc8-9d16-42db-b45f-5b5beb5d7b3b', '-', '')));
INSERT INTO product (id, name, description, old_price, stock, sku, created_at, updated_at, brand_id, category_id) VALUES (UNHEX(REPLACE('5db66ded-f27a-4e39-935b-f4fb1ea897ee', '-', '')), 'Silky Serum', 'San pham Silky Serum mang lai hieu qua tuyet voi tu PinkyLab', 727000, 495, 'SKU-PIN-0056', '2026-04-26T15:37:09.149675', '2026-04-26T15:37:09.149675', UNHEX(REPLACE('84157673-d5f1-4a28-81ae-b98c2d58f507', '-', '')), UNHEX(REPLACE('dffb7a9c-95d2-4285-93aa-0dc37fb64ac9', '-', '')));
INSERT INTO product (id, name, description, old_price, stock, sku, created_at, updated_at, brand_id, category_id) VALUES (UNHEX(REPLACE('d27f2d67-f1a6-47b6-b3da-5553070507d1', '-', '')), 'Purifying Serum', 'San pham Purifying Serum mang lai hieu qua tuyet voi tu Estee Lauder', 522000, 98, 'SKU-EST-0057', '2026-04-26T15:37:09.149675', '2026-04-26T15:37:09.149675', UNHEX(REPLACE('baa80733-dfda-4aca-b5cb-59379634e275', '-', '')), UNHEX(REPLACE('207f7409-7d65-4f50-a0c3-0a3cf09f1353', '-', '')));
INSERT INTO product (id, name, description, old_price, stock, sku, created_at, updated_at, brand_id, category_id) VALUES (UNHEX(REPLACE('33ca3e28-8107-419e-bacb-8ad7bedad3f1', '-', '')), 'Luminous Foundation', 'San pham Luminous Foundation mang lai hieu qua tuyet voi tu Kiehl''s', 238000, 422, 'SKU-KIE-0058', '2026-04-26T15:37:09.149675', '2026-04-26T15:37:09.149675', UNHEX(REPLACE('9d1e470a-6e02-43a3-ba52-59dc4a2f3953', '-', '')), UNHEX(REPLACE('dffb7a9c-95d2-4285-93aa-0dc37fb64ac9', '-', '')));
INSERT INTO product (id, name, description, old_price, stock, sku, created_at, updated_at, brand_id, category_id) VALUES (UNHEX(REPLACE('ffdf5377-aea6-43d3-bbde-a821392180bb', '-', '')), 'Nourishing Serum', 'San pham Nourishing Serum mang lai hieu qua tuyet voi tu Innisfree', 334000, 168, 'SKU-INN-0059', '2026-04-26T15:37:09.149675', '2026-04-26T15:37:09.149675', UNHEX(REPLACE('122625ca-9424-4d1e-bec9-3c024dbe42a5', '-', '')), UNHEX(REPLACE('e96b0730-a407-4c7a-97c4-88713989f7a4', '-', '')));
INSERT INTO product (id, name, description, old_price, stock, sku, created_at, updated_at, brand_id, category_id) VALUES (UNHEX(REPLACE('5107bb6a-8282-4a81-8ac4-8055c40deb55', '-', '')), 'Glow Oil', 'San pham Glow Oil mang lai hieu qua tuyet voi tu Maybelline', 1133000, 422, 'SKU-MAY-0060', '2026-04-26T15:37:09.149675', '2026-04-26T15:37:09.149675', UNHEX(REPLACE('5b32503a-f292-4355-957a-50529843fdca', '-', '')), UNHEX(REPLACE('64fa0d5b-3b88-4aca-9910-e8ca0b5e212c', '-', '')));
INSERT INTO product (id, name, description, old_price, stock, sku, created_at, updated_at, brand_id, category_id) VALUES (UNHEX(REPLACE('f5067bce-3873-4a23-a12f-4585a8983484', '-', '')), 'Hydrating Lotion', 'San pham Hydrating Lotion mang lai hieu qua tuyet voi tu Laneige', 760000, 134, 'SKU-LAN-0061', '2026-04-26T15:37:09.149675', '2026-04-26T15:37:09.149675', UNHEX(REPLACE('f255b0ec-433a-421d-ab46-3edf93c0b930', '-', '')), UNHEX(REPLACE('e96b0730-a407-4c7a-97c4-88713989f7a4', '-', '')));
INSERT INTO product (id, name, description, old_price, stock, sku, created_at, updated_at, brand_id, category_id) VALUES (UNHEX(REPLACE('332c134e-2107-4987-9120-ef3ab2cb728f', '-', '')), 'Velvet Cleanser', 'San pham Velvet Cleanser mang lai hieu qua tuyet voi tu MAC', 239000, 454, 'SKU-MAC-0062', '2026-04-26T15:37:09.149675', '2026-04-26T15:37:09.149675', UNHEX(REPLACE('498a9e74-33dc-4a72-9a42-b1bdded19de6', '-', '')), UNHEX(REPLACE('92280ca3-c792-4cec-b0af-212fd6499c1a', '-', '')));
INSERT INTO product (id, name, description, old_price, stock, sku, created_at, updated_at, brand_id, category_id) VALUES (UNHEX(REPLACE('59ca63f1-5fe9-4a05-81e1-1aed4afbbfd1', '-', '')), 'Matte Lipstick', 'San pham Matte Lipstick mang lai hieu qua tuyet voi tu Maybelline', 584000, 129, 'SKU-MAY-0063', '2026-04-26T15:37:09.149675', '2026-04-26T15:37:09.149675', UNHEX(REPLACE('5b32503a-f292-4355-957a-50529843fdca', '-', '')), UNHEX(REPLACE('e96b0730-a407-4c7a-97c4-88713989f7a4', '-', '')));
INSERT INTO product (id, name, description, old_price, stock, sku, created_at, updated_at, brand_id, category_id) VALUES (UNHEX(REPLACE('c4e5013a-0d27-484d-b8ad-75930dad6a2e', '-', '')), 'Hydrating Lotion', 'San pham Hydrating Lotion mang lai hieu qua tuyet voi tu Laneige', 603000, 369, 'SKU-LAN-0064', '2026-04-26T15:37:09.149675', '2026-04-26T15:37:09.149675', UNHEX(REPLACE('f255b0ec-433a-421d-ab46-3edf93c0b930', '-', '')), UNHEX(REPLACE('26c2894a-c205-46b5-bdfe-e9ad168294bf', '-', '')));
INSERT INTO product (id, name, description, old_price, stock, sku, created_at, updated_at, brand_id, category_id) VALUES (UNHEX(REPLACE('471094cc-99dd-46e8-8f17-70390a86e45d', '-', '')), 'Essential Cream', 'San pham Essential Cream mang lai hieu qua tuyet voi tu Chanel', 734000, 274, 'SKU-CHA-0065', '2026-04-26T15:37:09.149675', '2026-04-26T15:37:09.149675', UNHEX(REPLACE('be73b1b4-cf11-46c6-9a0c-a0c4f78b9f23', '-', '')), UNHEX(REPLACE('26c2894a-c205-46b5-bdfe-e9ad168294bf', '-', '')));
INSERT INTO product (id, name, description, old_price, stock, sku, created_at, updated_at, brand_id, category_id) VALUES (UNHEX(REPLACE('3a2821d6-2f47-43da-aea3-f618026b21d4', '-', '')), 'Hydrating Foundation', 'San pham Hydrating Foundation mang lai hieu qua tuyet voi tu Innisfree', 196000, 495, 'SKU-INN-0066', '2026-04-26T15:37:09.149675', '2026-04-26T15:37:09.149675', UNHEX(REPLACE('122625ca-9424-4d1e-bec9-3c024dbe42a5', '-', '')), UNHEX(REPLACE('207f7409-7d65-4f50-a0c3-0a3cf09f1353', '-', '')));
INSERT INTO product (id, name, description, old_price, stock, sku, created_at, updated_at, brand_id, category_id) VALUES (UNHEX(REPLACE('20f3a01b-a796-4437-82ec-40cc56ee20a3', '-', '')), 'Purifying Lipstick', 'San pham Purifying Lipstick mang lai hieu qua tuyet voi tu Kiehl''s', 1458000, 164, 'SKU-KIE-0067', '2026-04-26T15:37:09.149675', '2026-04-26T15:37:09.149675', UNHEX(REPLACE('9d1e470a-6e02-43a3-ba52-59dc4a2f3953', '-', '')), UNHEX(REPLACE('64fa0d5b-3b88-4aca-9910-e8ca0b5e212c', '-', '')));
INSERT INTO product (id, name, description, old_price, stock, sku, created_at, updated_at, brand_id, category_id) VALUES (UNHEX(REPLACE('8dad0f74-22ee-4f1f-8f4c-96a7494248cb', '-', '')), 'Matte Cream', 'San pham Matte Cream mang lai hieu qua tuyet voi tu The Ordinary', 196000, 432, 'SKU-THE-0068', '2026-04-26T15:37:09.149675', '2026-04-26T15:37:09.149675', UNHEX(REPLACE('af4c4ce5-8a1a-4fa1-944e-f54212fb37df', '-', '')), UNHEX(REPLACE('30d9d2f8-949d-40e2-8e12-563afe2608aa', '-', '')));
INSERT INTO product (id, name, description, old_price, stock, sku, created_at, updated_at, brand_id, category_id) VALUES (UNHEX(REPLACE('04cf9a79-ece4-4c0b-afe3-490f76a4a05c', '-', '')), 'Glow Oil', 'San pham Glow Oil mang lai hieu qua tuyet voi tu L''Oreal', 622000, 248, 'SKU-LO-0069', '2026-04-26T15:37:09.149675', '2026-04-26T15:37:09.149675', UNHEX(REPLACE('7a545630-c891-4e5b-9e8c-c72764eeed3f', '-', '')), UNHEX(REPLACE('dffb7a9c-95d2-4285-93aa-0dc37fb64ac9', '-', '')));
INSERT INTO product (id, name, description, old_price, stock, sku, created_at, updated_at, brand_id, category_id) VALUES (UNHEX(REPLACE('5b402a37-5bf1-4baa-b8e9-fe17dfda1b19', '-', '')), 'Hydrating Cleanser', 'San pham Hydrating Cleanser mang lai hieu qua tuyet voi tu Maybelline', 1385000, 132, 'SKU-MAY-0070', '2026-04-26T15:37:09.149675', '2026-04-26T15:37:09.149675', UNHEX(REPLACE('5b32503a-f292-4355-957a-50529843fdca', '-', '')), UNHEX(REPLACE('e96b0730-a407-4c7a-97c4-88713989f7a4', '-', '')));
INSERT INTO product (id, name, description, old_price, stock, sku, created_at, updated_at, brand_id, category_id) VALUES (UNHEX(REPLACE('dff18579-65f1-45f7-8f56-fc4f6ca0c81e', '-', '')), 'Velvet Toner', 'San pham Velvet Toner mang lai hieu qua tuyet voi tu Innisfree', 782000, 224, 'SKU-INN-0071', '2026-04-26T15:37:09.149675', '2026-04-26T15:37:09.149675', UNHEX(REPLACE('122625ca-9424-4d1e-bec9-3c024dbe42a5', '-', '')), UNHEX(REPLACE('dffb7a9c-95d2-4285-93aa-0dc37fb64ac9', '-', '')));
INSERT INTO product (id, name, description, old_price, stock, sku, created_at, updated_at, brand_id, category_id) VALUES (UNHEX(REPLACE('412a8b2c-6aa4-408e-b141-a962d21535cf', '-', '')), 'Essential Toner', 'San pham Essential Toner mang lai hieu qua tuyet voi tu Innisfree', 1243000, 217, 'SKU-INN-0072', '2026-04-26T15:37:09.149675', '2026-04-26T15:37:09.149675', UNHEX(REPLACE('122625ca-9424-4d1e-bec9-3c024dbe42a5', '-', '')), UNHEX(REPLACE('92280ca3-c792-4cec-b0af-212fd6499c1a', '-', '')));
INSERT INTO product (id, name, description, old_price, stock, sku, created_at, updated_at, brand_id, category_id) VALUES (UNHEX(REPLACE('322bdebd-8822-4b0d-8be0-40d337af09c8', '-', '')), 'Velvet Cleanser', 'San pham Velvet Cleanser mang lai hieu qua tuyet voi tu Maybelline', 879000, 78, 'SKU-MAY-0073', '2026-04-26T15:37:09.149675', '2026-04-26T15:37:09.149675', UNHEX(REPLACE('5b32503a-f292-4355-957a-50529843fdca', '-', '')), UNHEX(REPLACE('207f7409-7d65-4f50-a0c3-0a3cf09f1353', '-', '')));
INSERT INTO product (id, name, description, old_price, stock, sku, created_at, updated_at, brand_id, category_id) VALUES (UNHEX(REPLACE('d8699fee-8a8d-4fd9-ac62-02643a14a9b4', '-', '')), 'Matte Lotion', 'San pham Matte Lotion mang lai hieu qua tuyet voi tu The Ordinary', 311000, 485, 'SKU-THE-0074', '2026-04-26T15:37:09.149675', '2026-04-26T15:37:09.149675', UNHEX(REPLACE('af4c4ce5-8a1a-4fa1-944e-f54212fb37df', '-', '')), UNHEX(REPLACE('e96b0730-a407-4c7a-97c4-88713989f7a4', '-', '')));
INSERT INTO product (id, name, description, old_price, stock, sku, created_at, updated_at, brand_id, category_id) VALUES (UNHEX(REPLACE('f708ee7b-4f94-43a3-a7bf-a8da594c91ab', '-', '')), 'Nourishing Serum', 'San pham Nourishing Serum mang lai hieu qua tuyet voi tu L''Oreal', 1028000, 74, 'SKU-LO-0075', '2026-04-26T15:37:09.149675', '2026-04-26T15:37:09.149675', UNHEX(REPLACE('7a545630-c891-4e5b-9e8c-c72764eeed3f', '-', '')), UNHEX(REPLACE('30d9d2f8-949d-40e2-8e12-563afe2608aa', '-', '')));
INSERT INTO product (id, name, description, old_price, stock, sku, created_at, updated_at, brand_id, category_id) VALUES (UNHEX(REPLACE('e3e2c1e2-ec69-4471-af50-95a656b3a8dd', '-', '')), 'Essential Serum', 'San pham Essential Serum mang lai hieu qua tuyet voi tu Maybelline', 1122000, 37, 'SKU-MAY-0076', '2026-04-26T15:37:09.149675', '2026-04-26T15:37:09.149675', UNHEX(REPLACE('5b32503a-f292-4355-957a-50529843fdca', '-', '')), UNHEX(REPLACE('64fa0d5b-3b88-4aca-9910-e8ca0b5e212c', '-', '')));
INSERT INTO product (id, name, description, old_price, stock, sku, created_at, updated_at, brand_id, category_id) VALUES (UNHEX(REPLACE('723336ca-3947-417e-9e14-e523098b1cd6', '-', '')), 'Nourishing Essence', 'San pham Nourishing Essence mang lai hieu qua tuyet voi tu Kiehl''s', 255000, 346, 'SKU-KIE-0077', '2026-04-26T15:37:09.149675', '2026-04-26T15:37:09.149675', UNHEX(REPLACE('9d1e470a-6e02-43a3-ba52-59dc4a2f3953', '-', '')), UNHEX(REPLACE('30d9d2f8-949d-40e2-8e12-563afe2608aa', '-', '')));
INSERT INTO product (id, name, description, old_price, stock, sku, created_at, updated_at, brand_id, category_id) VALUES (UNHEX(REPLACE('9828ec91-c1fc-4885-829b-8f32fc2e476d', '-', '')), 'Radiant Essence', 'San pham Radiant Essence mang lai hieu qua tuyet voi tu Kiehl''s', 339000, 71, 'SKU-KIE-0078', '2026-04-26T15:37:09.149675', '2026-04-26T15:37:09.149675', UNHEX(REPLACE('9d1e470a-6e02-43a3-ba52-59dc4a2f3953', '-', '')), UNHEX(REPLACE('dffb7a9c-95d2-4285-93aa-0dc37fb64ac9', '-', '')));
INSERT INTO product (id, name, description, old_price, stock, sku, created_at, updated_at, brand_id, category_id) VALUES (UNHEX(REPLACE('1ca73e72-c05c-4478-af75-411538f71491', '-', '')), 'Glow Mask', 'San pham Glow Mask mang lai hieu qua tuyet voi tu The Ordinary', 307000, 119, 'SKU-THE-0079', '2026-04-26T15:37:09.149675', '2026-04-26T15:37:09.149675', UNHEX(REPLACE('af4c4ce5-8a1a-4fa1-944e-f54212fb37df', '-', '')), UNHEX(REPLACE('207f7409-7d65-4f50-a0c3-0a3cf09f1353', '-', '')));
INSERT INTO product (id, name, description, old_price, stock, sku, created_at, updated_at, brand_id, category_id) VALUES (UNHEX(REPLACE('d0ecee11-f51a-4ebb-bdf2-4c38c809c366', '-', '')), 'Radiant Toner', 'San pham Radiant Toner mang lai hieu qua tuyet voi tu Maybelline', 1326000, 142, 'SKU-MAY-0080', '2026-04-26T15:37:09.149675', '2026-04-26T15:37:09.149675', UNHEX(REPLACE('5b32503a-f292-4355-957a-50529843fdca', '-', '')), UNHEX(REPLACE('207f7409-7d65-4f50-a0c3-0a3cf09f1353', '-', '')));
INSERT INTO product (id, name, description, old_price, stock, sku, created_at, updated_at, brand_id, category_id) VALUES (UNHEX(REPLACE('fe1b382e-e1b3-454d-ba61-c3900f4da335', '-', '')), 'Purifying Lotion', 'San pham Purifying Lotion mang lai hieu qua tuyet voi tu Innisfree', 1431000, 134, 'SKU-INN-0081', '2026-04-26T15:37:09.149675', '2026-04-26T15:37:09.149675', UNHEX(REPLACE('122625ca-9424-4d1e-bec9-3c024dbe42a5', '-', '')), UNHEX(REPLACE('92280ca3-c792-4cec-b0af-212fd6499c1a', '-', '')));
INSERT INTO product (id, name, description, old_price, stock, sku, created_at, updated_at, brand_id, category_id) VALUES (UNHEX(REPLACE('3a292c28-4406-4592-88b2-43051d9c9d7b', '-', '')), 'Silky Lipstick', 'San pham Silky Lipstick mang lai hieu qua tuyet voi tu Estee Lauder', 687000, 457, 'SKU-EST-0082', '2026-04-26T15:37:09.149675', '2026-04-26T15:37:09.149675', UNHEX(REPLACE('baa80733-dfda-4aca-b5cb-59379634e275', '-', '')), UNHEX(REPLACE('26c2894a-c205-46b5-bdfe-e9ad168294bf', '-', '')));
INSERT INTO product (id, name, description, old_price, stock, sku, created_at, updated_at, brand_id, category_id) VALUES (UNHEX(REPLACE('dc80eea8-1b3c-49d9-aea3-31e8c4226573', '-', '')), 'Velvet Foundation', 'San pham Velvet Foundation mang lai hieu qua tuyet voi tu The Ordinary', 539000, 103, 'SKU-THE-0083', '2026-04-26T15:37:09.149675', '2026-04-26T15:37:09.149675', UNHEX(REPLACE('af4c4ce5-8a1a-4fa1-944e-f54212fb37df', '-', '')), UNHEX(REPLACE('517edfc8-9d16-42db-b45f-5b5beb5d7b3b', '-', '')));
INSERT INTO product (id, name, description, old_price, stock, sku, created_at, updated_at, brand_id, category_id) VALUES (UNHEX(REPLACE('99da28cb-70b9-4c9d-8d95-e7f2aa2e3349', '-', '')), 'Matte Cream', 'San pham Matte Cream mang lai hieu qua tuyet voi tu Innisfree', 445000, 88, 'SKU-INN-0084', '2026-04-26T15:37:09.149675', '2026-04-26T15:37:09.149675', UNHEX(REPLACE('122625ca-9424-4d1e-bec9-3c024dbe42a5', '-', '')), UNHEX(REPLACE('e96b0730-a407-4c7a-97c4-88713989f7a4', '-', '')));
INSERT INTO product (id, name, description, old_price, stock, sku, created_at, updated_at, brand_id, category_id) VALUES (UNHEX(REPLACE('6dd7bbcb-55db-48ac-b615-df9c32606ae0', '-', '')), 'Silky Serum', 'San pham Silky Serum mang lai hieu qua tuyet voi tu L''Oreal', 170000, 100, 'SKU-LO-0085', '2026-04-26T15:37:09.149675', '2026-04-26T15:37:09.149675', UNHEX(REPLACE('7a545630-c891-4e5b-9e8c-c72764eeed3f', '-', '')), UNHEX(REPLACE('517edfc8-9d16-42db-b45f-5b5beb5d7b3b', '-', '')));
INSERT INTO product (id, name, description, old_price, stock, sku, created_at, updated_at, brand_id, category_id) VALUES (UNHEX(REPLACE('9995fee7-b306-46c9-9d47-62f3b279bf62', '-', '')), 'Nourishing Lipstick', 'San pham Nourishing Lipstick mang lai hieu qua tuyet voi tu Kiehl''s', 427000, 200, 'SKU-KIE-0086', '2026-04-26T15:37:09.149675', '2026-04-26T15:37:09.149675', UNHEX(REPLACE('9d1e470a-6e02-43a3-ba52-59dc4a2f3953', '-', '')), UNHEX(REPLACE('30d9d2f8-949d-40e2-8e12-563afe2608aa', '-', '')));
INSERT INTO product (id, name, description, old_price, stock, sku, created_at, updated_at, brand_id, category_id) VALUES (UNHEX(REPLACE('52ad518b-fd6c-4914-bcfd-97eccd7b09ae', '-', '')), 'Purifying Lotion', 'San pham Purifying Lotion mang lai hieu qua tuyet voi tu PinkyLab', 222000, 120, 'SKU-PIN-0087', '2026-04-26T15:37:09.149675', '2026-04-26T15:37:09.149675', UNHEX(REPLACE('84157673-d5f1-4a28-81ae-b98c2d58f507', '-', '')), UNHEX(REPLACE('207f7409-7d65-4f50-a0c3-0a3cf09f1353', '-', '')));
INSERT INTO product (id, name, description, old_price, stock, sku, created_at, updated_at, brand_id, category_id) VALUES (UNHEX(REPLACE('b72355f5-5f01-4867-a54e-cee7fef1ae9c', '-', '')), 'Purifying Foundation', 'San pham Purifying Foundation mang lai hieu qua tuyet voi tu Innisfree', 1459000, 123, 'SKU-INN-0088', '2026-04-26T15:37:09.149675', '2026-04-26T15:37:09.149675', UNHEX(REPLACE('122625ca-9424-4d1e-bec9-3c024dbe42a5', '-', '')), UNHEX(REPLACE('26c2894a-c205-46b5-bdfe-e9ad168294bf', '-', '')));
INSERT INTO product (id, name, description, old_price, stock, sku, created_at, updated_at, brand_id, category_id) VALUES (UNHEX(REPLACE('b476a119-e49e-4b94-8765-2c55c6aae979', '-', '')), 'Purifying Cream', 'San pham Purifying Cream mang lai hieu qua tuyet voi tu Laneige', 1203000, 146, 'SKU-LAN-0089', '2026-04-26T15:37:09.149675', '2026-04-26T15:37:09.149675', UNHEX(REPLACE('f255b0ec-433a-421d-ab46-3edf93c0b930', '-', '')), UNHEX(REPLACE('dffb7a9c-95d2-4285-93aa-0dc37fb64ac9', '-', '')));
INSERT INTO product (id, name, description, old_price, stock, sku, created_at, updated_at, brand_id, category_id) VALUES (UNHEX(REPLACE('33ec6bad-cd5b-4695-8d46-24664c2c95c4', '-', '')), 'Purifying Cleanser', 'San pham Purifying Cleanser mang lai hieu qua tuyet voi tu Laneige', 1213000, 314, 'SKU-LAN-0090', '2026-04-26T15:37:09.149675', '2026-04-26T15:37:09.149675', UNHEX(REPLACE('f255b0ec-433a-421d-ab46-3edf93c0b930', '-', '')), UNHEX(REPLACE('92280ca3-c792-4cec-b0af-212fd6499c1a', '-', '')));
INSERT INTO product (id, name, description, old_price, stock, sku, created_at, updated_at, brand_id, category_id) VALUES (UNHEX(REPLACE('e3befb26-1f8b-47d7-a04c-4bdcb7f49b17', '-', '')), 'Radiant Lotion', 'San pham Radiant Lotion mang lai hieu qua tuyet voi tu MAC', 471000, 125, 'SKU-MAC-0091', '2026-04-26T15:37:09.149675', '2026-04-26T15:37:09.149675', UNHEX(REPLACE('498a9e74-33dc-4a72-9a42-b1bdded19de6', '-', '')), UNHEX(REPLACE('207f7409-7d65-4f50-a0c3-0a3cf09f1353', '-', '')));
INSERT INTO product (id, name, description, old_price, stock, sku, created_at, updated_at, brand_id, category_id) VALUES (UNHEX(REPLACE('62684741-96cc-4d80-9b09-76fd97736781', '-', '')), 'Hydrating Cleanser', 'San pham Hydrating Cleanser mang lai hieu qua tuyet voi tu Innisfree', 656000, 448, 'SKU-INN-0092', '2026-04-26T15:37:09.149675', '2026-04-26T15:37:09.149675', UNHEX(REPLACE('122625ca-9424-4d1e-bec9-3c024dbe42a5', '-', '')), UNHEX(REPLACE('26c2894a-c205-46b5-bdfe-e9ad168294bf', '-', '')));
INSERT INTO product (id, name, description, old_price, stock, sku, created_at, updated_at, brand_id, category_id) VALUES (UNHEX(REPLACE('bf32841e-cfc1-4810-9456-a97adff8cb73', '-', '')), 'Luminous Essence', 'San pham Luminous Essence mang lai hieu qua tuyet voi tu Maybelline', 299000, 289, 'SKU-MAY-0093', '2026-04-26T15:37:09.149675', '2026-04-26T15:37:09.149675', UNHEX(REPLACE('5b32503a-f292-4355-957a-50529843fdca', '-', '')), UNHEX(REPLACE('207f7409-7d65-4f50-a0c3-0a3cf09f1353', '-', '')));
INSERT INTO product (id, name, description, old_price, stock, sku, created_at, updated_at, brand_id, category_id) VALUES (UNHEX(REPLACE('7168d9a5-402b-4150-8a0f-7e9d12c88d3b', '-', '')), 'Luminous Cream', 'San pham Luminous Cream mang lai hieu qua tuyet voi tu Innisfree', 497000, 263, 'SKU-INN-0094', '2026-04-26T15:37:09.149675', '2026-04-26T15:37:09.149675', UNHEX(REPLACE('122625ca-9424-4d1e-bec9-3c024dbe42a5', '-', '')), UNHEX(REPLACE('26c2894a-c205-46b5-bdfe-e9ad168294bf', '-', '')));
INSERT INTO product (id, name, description, old_price, stock, sku, created_at, updated_at, brand_id, category_id) VALUES (UNHEX(REPLACE('0195a20d-74b9-4cb6-a4a3-86e87b92f0ef', '-', '')), 'Purifying Cleanser', 'San pham Purifying Cleanser mang lai hieu qua tuyet voi tu The Ordinary', 269000, 459, 'SKU-THE-0095', '2026-04-26T15:37:09.149675', '2026-04-26T15:37:09.149675', UNHEX(REPLACE('af4c4ce5-8a1a-4fa1-944e-f54212fb37df', '-', '')), UNHEX(REPLACE('64fa0d5b-3b88-4aca-9910-e8ca0b5e212c', '-', '')));
INSERT INTO product (id, name, description, old_price, stock, sku, created_at, updated_at, brand_id, category_id) VALUES (UNHEX(REPLACE('97dc0c06-13ae-4b35-92b1-fda370af3c73', '-', '')), 'Radiant Cleanser', 'San pham Radiant Cleanser mang lai hieu qua tuyet voi tu Kiehl''s', 1032000, 400, 'SKU-KIE-0096', '2026-04-26T15:37:09.149675', '2026-04-26T15:37:09.149675', UNHEX(REPLACE('9d1e470a-6e02-43a3-ba52-59dc4a2f3953', '-', '')), UNHEX(REPLACE('517edfc8-9d16-42db-b45f-5b5beb5d7b3b', '-', '')));
INSERT INTO product (id, name, description, old_price, stock, sku, created_at, updated_at, brand_id, category_id) VALUES (UNHEX(REPLACE('86a7cf32-c94e-46b0-a5f6-7648559a7eb4', '-', '')), 'Purifying Foundation', 'San pham Purifying Foundation mang lai hieu qua tuyet voi tu Kiehl''s', 652000, 428, 'SKU-KIE-0097', '2026-04-26T15:37:09.149675', '2026-04-26T15:37:09.149675', UNHEX(REPLACE('9d1e470a-6e02-43a3-ba52-59dc4a2f3953', '-', '')), UNHEX(REPLACE('30d9d2f8-949d-40e2-8e12-563afe2608aa', '-', '')));
INSERT INTO product (id, name, description, old_price, stock, sku, created_at, updated_at, brand_id, category_id) VALUES (UNHEX(REPLACE('ed1b5e74-ea97-4c38-a16a-4dbd61994024', '-', '')), 'Hydrating Cream', 'San pham Hydrating Cream mang lai hieu qua tuyet voi tu Kiehl''s', 155000, 314, 'SKU-KIE-0098', '2026-04-26T15:37:09.149675', '2026-04-26T15:37:09.149675', UNHEX(REPLACE('9d1e470a-6e02-43a3-ba52-59dc4a2f3953', '-', '')), UNHEX(REPLACE('26c2894a-c205-46b5-bdfe-e9ad168294bf', '-', '')));
INSERT INTO product (id, name, description, old_price, stock, sku, created_at, updated_at, brand_id, category_id) VALUES (UNHEX(REPLACE('dee5df0c-0947-45e6-8922-3a33ec0906f7', '-', '')), 'Velvet Mask', 'San pham Velvet Mask mang lai hieu qua tuyet voi tu PinkyLab', 354000, 197, 'SKU-PIN-0099', '2026-04-26T15:37:09.149675', '2026-04-26T15:37:09.149675', UNHEX(REPLACE('84157673-d5f1-4a28-81ae-b98c2d58f507', '-', '')), UNHEX(REPLACE('92280ca3-c792-4cec-b0af-212fd6499c1a', '-', '')));
INSERT INTO product (id, name, description, old_price, stock, sku, created_at, updated_at, brand_id, category_id) VALUES (UNHEX(REPLACE('c197e332-d8fc-459b-aa90-3431f979378d', '-', '')), 'Velvet Cream', 'San pham Velvet Cream mang lai hieu qua tuyet voi tu L''Oreal', 343000, 325, 'SKU-LO-0100', '2026-04-26T15:37:09.149675', '2026-04-26T15:37:09.149675', UNHEX(REPLACE('7a545630-c891-4e5b-9e8c-c72764eeed3f', '-', '')), UNHEX(REPLACE('e96b0730-a407-4c7a-97c4-88713989f7a4', '-', '')));

-- Product Images
INSERT INTO product_image (product_id, image_url) VALUES (UNHEX(REPLACE('bc804bc7-5a7b-406e-b7cd-293db05e45c7', '-', '')), 'https://images.unsplash.com/photo-1586495777744-4413f21062fa?w=500&q=80');
INSERT INTO product_image (product_id, image_url) VALUES (UNHEX(REPLACE('71206786-6e9d-4ed4-8106-bd9ef400f508', '-', '')), 'https://images.unsplash.com/photo-1586495777744-4413f21062fa?w=500&q=80');
INSERT INTO product_image (product_id, image_url) VALUES (UNHEX(REPLACE('8937748f-7111-49bb-88a7-cd3108b30fff', '-', '')), 'https://images.unsplash.com/photo-1586495777744-4413f21062fa?w=500&q=80');
INSERT INTO product_image (product_id, image_url) VALUES (UNHEX(REPLACE('cf2e5927-753f-4ed5-9047-2e6fd44bd0aa', '-', '')), 'https://images.unsplash.com/photo-1608248543803-ba4f8c70ae0b?w=500&q=80');
INSERT INTO product_image (product_id, image_url) VALUES (UNHEX(REPLACE('8afcbde1-fb1f-4b04-9bc9-3c8c0165ff20', '-', '')), 'https://images.unsplash.com/photo-1556228578-0d85b1a4d571?w=500&q=80');
INSERT INTO product_image (product_id, image_url) VALUES (UNHEX(REPLACE('d479b654-ade8-405e-adde-c8d683869157', '-', '')), 'https://images.unsplash.com/photo-1620916566398-39f1143ab7be?w=500&q=80');
INSERT INTO product_image (product_id, image_url) VALUES (UNHEX(REPLACE('da8d92ba-975d-4844-9092-db4a7e6bc798', '-', '')), 'https://images.unsplash.com/photo-1512496015851-a90fb38ba796?w=500&q=80');
INSERT INTO product_image (product_id, image_url) VALUES (UNHEX(REPLACE('c21e8896-dd26-4de5-9d16-74f1fcd1a38d', '-', '')), 'https://images.unsplash.com/photo-1608248543803-ba4f8c70ae0b?w=500&q=80');
INSERT INTO product_image (product_id, image_url) VALUES (UNHEX(REPLACE('5c14daf5-377b-430d-8673-a9e58e741e04', '-', '')), 'https://images.unsplash.com/photo-1586495777744-4413f21062fa?w=500&q=80');
INSERT INTO product_image (product_id, image_url) VALUES (UNHEX(REPLACE('52e268dd-9dc4-42f9-94ca-323549d362de', '-', '')), 'https://images.unsplash.com/photo-1556228578-0d85b1a4d571?w=500&q=80');
INSERT INTO product_image (product_id, image_url) VALUES (UNHEX(REPLACE('0e0632b8-69e9-409d-b8cc-e658c67527c0', '-', '')), 'https://images.unsplash.com/photo-1512496015851-a90fb38ba796?w=500&q=80');
INSERT INTO product_image (product_id, image_url) VALUES (UNHEX(REPLACE('7af021c8-b853-48a1-b526-e0b82159c6c0', '-', '')), 'https://images.unsplash.com/photo-1512496015851-a90fb38ba796?w=500&q=80');
INSERT INTO product_image (product_id, image_url) VALUES (UNHEX(REPLACE('bb0c023b-5176-45b6-8277-2a59158b3c34', '-', '')), 'https://images.unsplash.com/photo-1556228578-0d85b1a4d571?w=500&q=80');
INSERT INTO product_image (product_id, image_url) VALUES (UNHEX(REPLACE('ee350229-c803-4b8f-9bf1-24dbc02b25c0', '-', '')), 'https://images.unsplash.com/photo-1599305090598-fe179d501227?w=500&q=80');
INSERT INTO product_image (product_id, image_url) VALUES (UNHEX(REPLACE('e623573d-9f0e-453c-82ac-815b6ac003c2', '-', '')), 'https://images.unsplash.com/photo-1596462502278-27bfdc403348?w=500&q=80');
INSERT INTO product_image (product_id, image_url) VALUES (UNHEX(REPLACE('089d1b1e-4f43-4206-be6a-401cfc035749', '-', '')), 'https://images.unsplash.com/photo-1596462502278-27bfdc403348?w=500&q=80');
INSERT INTO product_image (product_id, image_url) VALUES (UNHEX(REPLACE('08860371-d8a3-4189-8466-b8c63d060ba8', '-', '')), 'https://images.unsplash.com/photo-1596462502278-27bfdc403348?w=500&q=80');
INSERT INTO product_image (product_id, image_url) VALUES (UNHEX(REPLACE('18d4c065-46e7-40ee-bb51-b014ba4c5a70', '-', '')), 'https://images.unsplash.com/photo-1617897903246-719242758050?w=500&q=80');
INSERT INTO product_image (product_id, image_url) VALUES (UNHEX(REPLACE('bcdf1c17-7b7d-438e-b38a-b246353de75d', '-', '')), 'https://images.unsplash.com/photo-1629198688000-71f23e745b6e?w=500&q=80');
INSERT INTO product_image (product_id, image_url) VALUES (UNHEX(REPLACE('70792614-bba9-4ac4-9b0b-2b3c9a2e70b1', '-', '')), 'https://images.unsplash.com/photo-1599305090598-fe179d501227?w=500&q=80');
INSERT INTO product_image (product_id, image_url) VALUES (UNHEX(REPLACE('6e4624d0-232d-4c8f-8ef4-fdc1f78a753d', '-', '')), 'https://images.unsplash.com/photo-1608248543803-ba4f8c70ae0b?w=500&q=80');
INSERT INTO product_image (product_id, image_url) VALUES (UNHEX(REPLACE('dfb76548-5c4b-4801-bd04-f8ea4018ec77', '-', '')), 'https://images.unsplash.com/photo-1617897903246-719242758050?w=500&q=80');
INSERT INTO product_image (product_id, image_url) VALUES (UNHEX(REPLACE('ca291f49-53e0-49ea-8825-bd844a1972be', '-', '')), 'https://images.unsplash.com/photo-1617897903246-719242758050?w=500&q=80');
INSERT INTO product_image (product_id, image_url) VALUES (UNHEX(REPLACE('4c721d4b-62d5-4b02-bef5-fa34047cd5e8', '-', '')), 'https://images.unsplash.com/photo-1556228578-0d85b1a4d571?w=500&q=80');
INSERT INTO product_image (product_id, image_url) VALUES (UNHEX(REPLACE('a4acd171-e651-4572-9031-1099a6283bf3', '-', '')), 'https://images.unsplash.com/photo-1620916566398-39f1143ab7be?w=500&q=80');
INSERT INTO product_image (product_id, image_url) VALUES (UNHEX(REPLACE('7afe99d9-dafe-46a0-8343-5cd497ad646a', '-', '')), 'https://images.unsplash.com/photo-1512496015851-a90fb38ba796?w=500&q=80');
INSERT INTO product_image (product_id, image_url) VALUES (UNHEX(REPLACE('3d5487a3-657b-4152-989d-021b94db43e3', '-', '')), 'https://images.unsplash.com/photo-1556228578-0d85b1a4d571?w=500&q=80');
INSERT INTO product_image (product_id, image_url) VALUES (UNHEX(REPLACE('97a15c00-27b4-4c73-b2f5-cfe057822d6b', '-', '')), 'https://images.unsplash.com/photo-1596462502278-27bfdc403348?w=500&q=80');
INSERT INTO product_image (product_id, image_url) VALUES (UNHEX(REPLACE('e9468ce6-9672-4fb9-b013-fdc63d45423e', '-', '')), 'https://images.unsplash.com/photo-1512496015851-a90fb38ba796?w=500&q=80');
INSERT INTO product_image (product_id, image_url) VALUES (UNHEX(REPLACE('cf7284d7-5f7e-4794-9f40-bf860b5a75ea', '-', '')), 'https://images.unsplash.com/photo-1556228578-0d85b1a4d571?w=500&q=80');
INSERT INTO product_image (product_id, image_url) VALUES (UNHEX(REPLACE('e657440f-de25-438b-823e-6bed5d539def', '-', '')), 'https://images.unsplash.com/photo-1599305090598-fe179d501227?w=500&q=80');
INSERT INTO product_image (product_id, image_url) VALUES (UNHEX(REPLACE('22200786-4f00-467c-92cd-044bf51882c7', '-', '')), 'https://images.unsplash.com/photo-1625014618427-fbc980b974f5?w=500&q=80');
INSERT INTO product_image (product_id, image_url) VALUES (UNHEX(REPLACE('ab6f47c6-5f31-46fa-a238-6f44470fc55f', '-', '')), 'https://images.unsplash.com/photo-1556228578-0d85b1a4d571?w=500&q=80');
INSERT INTO product_image (product_id, image_url) VALUES (UNHEX(REPLACE('5c9daade-9fa9-44f2-8e4b-7029dfc4f1f5', '-', '')), 'https://images.unsplash.com/photo-1586495777744-4413f21062fa?w=500&q=80');
INSERT INTO product_image (product_id, image_url) VALUES (UNHEX(REPLACE('1b864fb3-9b54-46dc-8a08-b726b4fe96b4', '-', '')), 'https://images.unsplash.com/photo-1629198688000-71f23e745b6e?w=500&q=80');
INSERT INTO product_image (product_id, image_url) VALUES (UNHEX(REPLACE('f3e6ee08-1280-4474-b18a-8651762962e5', '-', '')), 'https://images.unsplash.com/photo-1586495777744-4413f21062fa?w=500&q=80');
INSERT INTO product_image (product_id, image_url) VALUES (UNHEX(REPLACE('d17cc02d-dabc-4fbf-8eca-9eeaa4a9d27f', '-', '')), 'https://images.unsplash.com/photo-1599305090598-fe179d501227?w=500&q=80');
INSERT INTO product_image (product_id, image_url) VALUES (UNHEX(REPLACE('d43377ae-547a-45b9-81b5-1a2d5f0519dd', '-', '')), 'https://images.unsplash.com/photo-1617897903246-719242758050?w=500&q=80');
INSERT INTO product_image (product_id, image_url) VALUES (UNHEX(REPLACE('1e331c05-5f78-42db-8417-1d7a1d81f5f9', '-', '')), 'https://images.unsplash.com/photo-1617897903246-719242758050?w=500&q=80');
INSERT INTO product_image (product_id, image_url) VALUES (UNHEX(REPLACE('84e157f0-a104-49c4-b021-4a1a48ccb734', '-', '')), 'https://images.unsplash.com/photo-1586495777744-4413f21062fa?w=500&q=80');
INSERT INTO product_image (product_id, image_url) VALUES (UNHEX(REPLACE('6fdb24f3-1983-4309-b11f-2851b140cf73', '-', '')), 'https://images.unsplash.com/photo-1599305090598-fe179d501227?w=500&q=80');
INSERT INTO product_image (product_id, image_url) VALUES (UNHEX(REPLACE('008dfd6f-4243-46e7-81c5-8c336900d8be', '-', '')), 'https://images.unsplash.com/photo-1599305090598-fe179d501227?w=500&q=80');
INSERT INTO product_image (product_id, image_url) VALUES (UNHEX(REPLACE('8d851641-ea9e-4958-ae84-21925cba12d8', '-', '')), 'https://images.unsplash.com/photo-1617897903246-719242758050?w=500&q=80');
INSERT INTO product_image (product_id, image_url) VALUES (UNHEX(REPLACE('7051b78e-2bc5-40f5-90e9-82c1d07d4eb9', '-', '')), 'https://images.unsplash.com/photo-1625014618427-fbc980b974f5?w=500&q=80');
INSERT INTO product_image (product_id, image_url) VALUES (UNHEX(REPLACE('e67a3f39-2fb1-4add-89d6-2b4a6f673512', '-', '')), 'https://images.unsplash.com/photo-1620916566398-39f1143ab7be?w=500&q=80');
INSERT INTO product_image (product_id, image_url) VALUES (UNHEX(REPLACE('0d3227aa-8cbe-46ec-83c0-5f03c33017c7', '-', '')), 'https://images.unsplash.com/photo-1596462502278-27bfdc403348?w=500&q=80');
INSERT INTO product_image (product_id, image_url) VALUES (UNHEX(REPLACE('37077c83-5544-4d92-82ac-264eedf5a15a', '-', '')), 'https://images.unsplash.com/photo-1620916566398-39f1143ab7be?w=500&q=80');
INSERT INTO product_image (product_id, image_url) VALUES (UNHEX(REPLACE('38d69deb-115f-48db-b940-bc36a494ecd5', '-', '')), 'https://images.unsplash.com/photo-1617897903246-719242758050?w=500&q=80');
INSERT INTO product_image (product_id, image_url) VALUES (UNHEX(REPLACE('6e211642-26c6-4f73-9298-724439b75000', '-', '')), 'https://images.unsplash.com/photo-1629198688000-71f23e745b6e?w=500&q=80');
INSERT INTO product_image (product_id, image_url) VALUES (UNHEX(REPLACE('5e9fe05e-8505-4fb1-9a27-d9c9aac04e7b', '-', '')), 'https://images.unsplash.com/photo-1629198688000-71f23e745b6e?w=500&q=80');
INSERT INTO product_image (product_id, image_url) VALUES (UNHEX(REPLACE('b4ec5ded-7bdf-49eb-b101-e3e5a3266219', '-', '')), 'https://images.unsplash.com/photo-1556228578-0d85b1a4d571?w=500&q=80');
INSERT INTO product_image (product_id, image_url) VALUES (UNHEX(REPLACE('807aba01-8bdb-48e6-913f-f9110a961f0e', '-', '')), 'https://images.unsplash.com/photo-1512496015851-a90fb38ba796?w=500&q=80');
INSERT INTO product_image (product_id, image_url) VALUES (UNHEX(REPLACE('bb1c6850-b018-4bec-a5e4-b0212282a06a', '-', '')), 'https://images.unsplash.com/photo-1625014618427-fbc980b974f5?w=500&q=80');
INSERT INTO product_image (product_id, image_url) VALUES (UNHEX(REPLACE('b1d448a1-da70-4147-92d5-cade9bb22297', '-', '')), 'https://images.unsplash.com/photo-1629198688000-71f23e745b6e?w=500&q=80');
INSERT INTO product_image (product_id, image_url) VALUES (UNHEX(REPLACE('0a76ace0-f04f-41ca-8b1d-f1b1bf931875', '-', '')), 'https://images.unsplash.com/photo-1556228578-0d85b1a4d571?w=500&q=80');
INSERT INTO product_image (product_id, image_url) VALUES (UNHEX(REPLACE('5db66ded-f27a-4e39-935b-f4fb1ea897ee', '-', '')), 'https://images.unsplash.com/photo-1625014618427-fbc980b974f5?w=500&q=80');
INSERT INTO product_image (product_id, image_url) VALUES (UNHEX(REPLACE('d27f2d67-f1a6-47b6-b3da-5553070507d1', '-', '')), 'https://images.unsplash.com/photo-1617897903246-719242758050?w=500&q=80');
INSERT INTO product_image (product_id, image_url) VALUES (UNHEX(REPLACE('33ca3e28-8107-419e-bacb-8ad7bedad3f1', '-', '')), 'https://images.unsplash.com/photo-1625014618427-fbc980b974f5?w=500&q=80');
INSERT INTO product_image (product_id, image_url) VALUES (UNHEX(REPLACE('ffdf5377-aea6-43d3-bbde-a821392180bb', '-', '')), 'https://images.unsplash.com/photo-1629198688000-71f23e745b6e?w=500&q=80');
INSERT INTO product_image (product_id, image_url) VALUES (UNHEX(REPLACE('5107bb6a-8282-4a81-8ac4-8055c40deb55', '-', '')), 'https://images.unsplash.com/photo-1608248543803-ba4f8c70ae0b?w=500&q=80');
INSERT INTO product_image (product_id, image_url) VALUES (UNHEX(REPLACE('f5067bce-3873-4a23-a12f-4585a8983484', '-', '')), 'https://images.unsplash.com/photo-1556228578-0d85b1a4d571?w=500&q=80');
INSERT INTO product_image (product_id, image_url) VALUES (UNHEX(REPLACE('332c134e-2107-4987-9120-ef3ab2cb728f', '-', '')), 'https://images.unsplash.com/photo-1556228578-0d85b1a4d571?w=500&q=80');
INSERT INTO product_image (product_id, image_url) VALUES (UNHEX(REPLACE('59ca63f1-5fe9-4a05-81e1-1aed4afbbfd1', '-', '')), 'https://images.unsplash.com/photo-1512496015851-a90fb38ba796?w=500&q=80');
INSERT INTO product_image (product_id, image_url) VALUES (UNHEX(REPLACE('c4e5013a-0d27-484d-b8ad-75930dad6a2e', '-', '')), 'https://images.unsplash.com/photo-1599305090598-fe179d501227?w=500&q=80');
INSERT INTO product_image (product_id, image_url) VALUES (UNHEX(REPLACE('471094cc-99dd-46e8-8f17-70390a86e45d', '-', '')), 'https://images.unsplash.com/photo-1556228578-0d85b1a4d571?w=500&q=80');
INSERT INTO product_image (product_id, image_url) VALUES (UNHEX(REPLACE('3a2821d6-2f47-43da-aea3-f618026b21d4', '-', '')), 'https://images.unsplash.com/photo-1512496015851-a90fb38ba796?w=500&q=80');
INSERT INTO product_image (product_id, image_url) VALUES (UNHEX(REPLACE('20f3a01b-a796-4437-82ec-40cc56ee20a3', '-', '')), 'https://images.unsplash.com/photo-1586495777744-4413f21062fa?w=500&q=80');
INSERT INTO product_image (product_id, image_url) VALUES (UNHEX(REPLACE('8dad0f74-22ee-4f1f-8f4c-96a7494248cb', '-', '')), 'https://images.unsplash.com/photo-1625014618427-fbc980b974f5?w=500&q=80');
INSERT INTO product_image (product_id, image_url) VALUES (UNHEX(REPLACE('04cf9a79-ece4-4c0b-afe3-490f76a4a05c', '-', '')), 'https://images.unsplash.com/photo-1512496015851-a90fb38ba796?w=500&q=80');
INSERT INTO product_image (product_id, image_url) VALUES (UNHEX(REPLACE('5b402a37-5bf1-4baa-b8e9-fe17dfda1b19', '-', '')), 'https://images.unsplash.com/photo-1629198688000-71f23e745b6e?w=500&q=80');
INSERT INTO product_image (product_id, image_url) VALUES (UNHEX(REPLACE('dff18579-65f1-45f7-8f56-fc4f6ca0c81e', '-', '')), 'https://images.unsplash.com/photo-1599305090598-fe179d501227?w=500&q=80');
INSERT INTO product_image (product_id, image_url) VALUES (UNHEX(REPLACE('412a8b2c-6aa4-408e-b141-a962d21535cf', '-', '')), 'https://images.unsplash.com/photo-1625014618427-fbc980b974f5?w=500&q=80');
INSERT INTO product_image (product_id, image_url) VALUES (UNHEX(REPLACE('322bdebd-8822-4b0d-8be0-40d337af09c8', '-', '')), 'https://images.unsplash.com/photo-1620916566398-39f1143ab7be?w=500&q=80');
INSERT INTO product_image (product_id, image_url) VALUES (UNHEX(REPLACE('d8699fee-8a8d-4fd9-ac62-02643a14a9b4', '-', '')), 'https://images.unsplash.com/photo-1617897903246-719242758050?w=500&q=80');
INSERT INTO product_image (product_id, image_url) VALUES (UNHEX(REPLACE('f708ee7b-4f94-43a3-a7bf-a8da594c91ab', '-', '')), 'https://images.unsplash.com/photo-1625014618427-fbc980b974f5?w=500&q=80');
INSERT INTO product_image (product_id, image_url) VALUES (UNHEX(REPLACE('e3e2c1e2-ec69-4471-af50-95a656b3a8dd', '-', '')), 'https://images.unsplash.com/photo-1512496015851-a90fb38ba796?w=500&q=80');
INSERT INTO product_image (product_id, image_url) VALUES (UNHEX(REPLACE('723336ca-3947-417e-9e14-e523098b1cd6', '-', '')), 'https://images.unsplash.com/photo-1556228578-0d85b1a4d571?w=500&q=80');
INSERT INTO product_image (product_id, image_url) VALUES (UNHEX(REPLACE('9828ec91-c1fc-4885-829b-8f32fc2e476d', '-', '')), 'https://images.unsplash.com/photo-1629198688000-71f23e745b6e?w=500&q=80');
INSERT INTO product_image (product_id, image_url) VALUES (UNHEX(REPLACE('1ca73e72-c05c-4478-af75-411538f71491', '-', '')), 'https://images.unsplash.com/photo-1617897903246-719242758050?w=500&q=80');
INSERT INTO product_image (product_id, image_url) VALUES (UNHEX(REPLACE('d0ecee11-f51a-4ebb-bdf2-4c38c809c366', '-', '')), 'https://images.unsplash.com/photo-1620916566398-39f1143ab7be?w=500&q=80');
INSERT INTO product_image (product_id, image_url) VALUES (UNHEX(REPLACE('fe1b382e-e1b3-454d-ba61-c3900f4da335', '-', '')), 'https://images.unsplash.com/photo-1599305090598-fe179d501227?w=500&q=80');
INSERT INTO product_image (product_id, image_url) VALUES (UNHEX(REPLACE('3a292c28-4406-4592-88b2-43051d9c9d7b', '-', '')), 'https://images.unsplash.com/photo-1556228578-0d85b1a4d571?w=500&q=80');
INSERT INTO product_image (product_id, image_url) VALUES (UNHEX(REPLACE('dc80eea8-1b3c-49d9-aea3-31e8c4226573', '-', '')), 'https://images.unsplash.com/photo-1596462502278-27bfdc403348?w=500&q=80');
INSERT INTO product_image (product_id, image_url) VALUES (UNHEX(REPLACE('99da28cb-70b9-4c9d-8d95-e7f2aa2e3349', '-', '')), 'https://images.unsplash.com/photo-1512496015851-a90fb38ba796?w=500&q=80');
INSERT INTO product_image (product_id, image_url) VALUES (UNHEX(REPLACE('6dd7bbcb-55db-48ac-b615-df9c32606ae0', '-', '')), 'https://images.unsplash.com/photo-1625014618427-fbc980b974f5?w=500&q=80');
INSERT INTO product_image (product_id, image_url) VALUES (UNHEX(REPLACE('9995fee7-b306-46c9-9d47-62f3b279bf62', '-', '')), 'https://images.unsplash.com/photo-1620916566398-39f1143ab7be?w=500&q=80');
INSERT INTO product_image (product_id, image_url) VALUES (UNHEX(REPLACE('52ad518b-fd6c-4914-bcfd-97eccd7b09ae', '-', '')), 'https://images.unsplash.com/photo-1608248543803-ba4f8c70ae0b?w=500&q=80');
INSERT INTO product_image (product_id, image_url) VALUES (UNHEX(REPLACE('b72355f5-5f01-4867-a54e-cee7fef1ae9c', '-', '')), 'https://images.unsplash.com/photo-1512496015851-a90fb38ba796?w=500&q=80');
INSERT INTO product_image (product_id, image_url) VALUES (UNHEX(REPLACE('b476a119-e49e-4b94-8765-2c55c6aae979', '-', '')), 'https://images.unsplash.com/photo-1608248543803-ba4f8c70ae0b?w=500&q=80');
INSERT INTO product_image (product_id, image_url) VALUES (UNHEX(REPLACE('33ec6bad-cd5b-4695-8d46-24664c2c95c4', '-', '')), 'https://images.unsplash.com/photo-1556228578-0d85b1a4d571?w=500&q=80');
INSERT INTO product_image (product_id, image_url) VALUES (UNHEX(REPLACE('e3befb26-1f8b-47d7-a04c-4bdcb7f49b17', '-', '')), 'https://images.unsplash.com/photo-1512496015851-a90fb38ba796?w=500&q=80');
INSERT INTO product_image (product_id, image_url) VALUES (UNHEX(REPLACE('62684741-96cc-4d80-9b09-76fd97736781', '-', '')), 'https://images.unsplash.com/photo-1599305090598-fe179d501227?w=500&q=80');
INSERT INTO product_image (product_id, image_url) VALUES (UNHEX(REPLACE('bf32841e-cfc1-4810-9456-a97adff8cb73', '-', '')), 'https://images.unsplash.com/photo-1617897903246-719242758050?w=500&q=80');
INSERT INTO product_image (product_id, image_url) VALUES (UNHEX(REPLACE('7168d9a5-402b-4150-8a0f-7e9d12c88d3b', '-', '')), 'https://images.unsplash.com/photo-1629198688000-71f23e745b6e?w=500&q=80');
INSERT INTO product_image (product_id, image_url) VALUES (UNHEX(REPLACE('0195a20d-74b9-4cb6-a4a3-86e87b92f0ef', '-', '')), 'https://images.unsplash.com/photo-1608248543803-ba4f8c70ae0b?w=500&q=80');
INSERT INTO product_image (product_id, image_url) VALUES (UNHEX(REPLACE('97dc0c06-13ae-4b35-92b1-fda370af3c73', '-', '')), 'https://images.unsplash.com/photo-1586495777744-4413f21062fa?w=500&q=80');
INSERT INTO product_image (product_id, image_url) VALUES (UNHEX(REPLACE('86a7cf32-c94e-46b0-a5f6-7648559a7eb4', '-', '')), 'https://images.unsplash.com/photo-1556228578-0d85b1a4d571?w=500&q=80');
INSERT INTO product_image (product_id, image_url) VALUES (UNHEX(REPLACE('ed1b5e74-ea97-4c38-a16a-4dbd61994024', '-', '')), 'https://images.unsplash.com/photo-1608248543803-ba4f8c70ae0b?w=500&q=80');
INSERT INTO product_image (product_id, image_url) VALUES (UNHEX(REPLACE('dee5df0c-0947-45e6-8922-3a33ec0906f7', '-', '')), 'https://images.unsplash.com/photo-1620916566398-39f1143ab7be?w=500&q=80');
INSERT INTO product_image (product_id, image_url) VALUES (UNHEX(REPLACE('c197e332-d8fc-459b-aa90-3431f979378d', '-', '')), 'https://images.unsplash.com/photo-1625014618427-fbc980b974f5?w=500&q=80');

SET FOREIGN_KEY_CHECKS = 1;
